BRAS PANON,mairebraspanon@wanadoo.fr,Réunion
CILAOS,contact@ville-cilaos.fr,Réunion
ENTRE DEUX,mairie.entredeux@wanadoo.fr,Réunion
LA PLAINE DES PALMISTES,mairie.plaines-des-palmistes@wanadoo.fr,Réunion
LA POSSESSION,cabinetmaire@ville-lapossession.fr,Réunion
LE PORT,mairie@ville-port.re,Réunion
LES AVIRONS,contact@mairie-avirons.fr,Réunion
LES TROIS BASSINS,"",Réunion
LE TAMPON,courrier@mairie-tampon.fr,Réunion
L ETANG SALE,mairie@letangsale.fr,Réunion
PETITE ILE,mairie@petite-ile.re,Réunion
SAINT ANDRE,mairie@saint-andre.re,Réunion
SAINT BENOIT,communication@ville-saintbenoit.re,Réunion
SAINT DENIS,contact@ville-saintdenis-reunion.fr,Réunion
SAINTE MARIE,infomairie@ville-saintemarie.re,Réunion
SAINTE ROSE,mairie-sainte-rose@wanadoo.fr,Réunion
SAINTE SUZANNE,"",Réunion
SAINT JOSEPH,courrier@mairie-saintjoseph.fr,Réunion
SAINT LEU,secretariat@mairie-saintleu.fr,Réunion
SAINT LOUIS,secret.maire-stlouis@wanadoo.fr,Réunion
SAINT PAUL,maire@mairie-saintpaul.fr,Réunion
SAINT PHILIPPE,com_phil@yahoo.fr,Réunion
SAINT PIERRE,communication@mairie-saintpierre.fr,Réunion
SALAZIE,infos@ville-salazie.fr,Réunion
BASSE POINTE,"",Martinique
BELLEFONTAINE,mairie@ville-bellefontaine.fr,Martinique
CASE PILOTE,"",Martinique
DUCOS,mairie-ducos@wanadoo.fr,Martinique
FONDS SAINT DENIS,"",Martinique
FORT DE FRANCE,fdf.informatique@sasi.fr,Martinique
GRAND RIVIERE,grand.riviere@wanadoo.fr,Martinique
GROS MORNE,mairie.gros.morne@wanadoo.fr,Martinique
L AJOUPA BOUILLON,"",Martinique
LA TRINITE,mairie@ville-trinite.mq,Martinique
LE CARBET,mairie-carbet@wanadoo.fr,Martinique
LE DIAMANT,"",Martinique
LE FRANCOIS,ville-francois@wanadoo.fr,Martinique
LE LAMENTIN,info@mairie-lelamentin.fr,Martinique
LE LORRAIN,mairie.lorrain@wanadoo.fr,Martinique
LE MARIGOT,ville.marigot@wanadoo.fr,Martinique
LE MARIN,"",Martinique
LE MORNE ROUGE,mairie@villedumornerouge.com,Martinique
LE MORNE VERT,"",Martinique
LE PRECHEUR,mairie-precheur@wanadoo.fr,Martinique
LE ROBERT,contact@ville-robert.fr,Martinique
LES ANSES D ARLET,mairie@mairie-anses-arlet.fr,Martinique
LES TROIS ILETS,secretariat@mairie-trois-ilets.fr,Martinique
LE VAUCLIN,"",Martinique
MACOUBA,"",Martinique
RIVIERE PILOTE,dgs@mairie-riviere-pilote.fr,Martinique
RIVIERE SALEE,mairie-de-riviere-salee@wanadoo.fr,Martinique
SAINTE ANNE,"",Martinique
SAINTE LUCE,contact@sainte-luce-loire.com,Martinique
SAINTE MARIE,villesaintemarie@wanadoo.fr,Martinique
SAINT ESPRIT,"",Martinique
SAINT JOSEPH,courrier@mairie-saintjoseph.fr,Martinique
SAINT PIERRE,administrationgenerale@saintpierremaville.fr,Martinique
SCHOELCHER,mairie.schoelcher.97233@wanadoo.fr,Martinique
